1,Mickey,Frank,M,59,02/11/1964
2,Pasquale,Warner,P,43,06/12/1980
3,Pasquale,Schroeder,P,26,19/11/1997
4,Darin,Dean,D,40,22/12/1983
5,Pasquale,Bright,P,37,20/11/1986
6,Hank,Jackson,H,58,11/04/1965
7,Pasquale,Jackson,P,26,14/05/1997
8,Chris,Perry,C,45,28/01/1978
9,Romeo,Torres,R,55,17/12/1968
10,Peter,Goodwin,P,43,01/10/1980
11,Jimmie,Dixon,J,55,27/02/1968
12,Hank,Dean,H,30,14/04/1993
13,Jess,Dixon,J,41,10/05/1982
14,Quinton,Davis,Q,42,15/02/1981
15,Kim,Davis,K,48,22/04/1975
16,Mickey,Flynn,M,23,07/04/2000
17,Jeremy,Bright,J,21,27/07/2002
18,Pasquale,Howells,P,19,09/07/2004
19,Joey,Flowers,J,48,17/02/1975
20,Mickey,Davis,M,53,07/10/1970
21,Peter,Frank,P,46,17/07/1977
22,Grady,Davis,G,42,20/11/1981
23,Jeremy,Bright,J,54,21/02/1969
24,Foster,Torres,F,49,08/08/1974
25,Donny,Davis,D,25,15/07/1998
26,Donny,Frank,D,28,12/06/1995
27,Foster,Bright,F,18,01/03/2005
28,Peter,Sherman,P,34,12/01/1989
29,Vern,Walton,V,40,05/01/1983
30,Hank,Flynn,H,42,01/11/1981
31,Grady,Dean,G,60,23/08/1963
32,Donny,King,D,43,21/01/1980
33,Romeo,Dixon,R,38,17/06/1985
34,Quinton,Warren,Q,46,23/04/1977
35,Jimmie,Henry,J,40,07/11/1983
36,Quinton,Bright,Q,25,30/11/1998
37,Jeremy,Perry,J,45,20/09/1978
38,Donny,Sherman,D,24,03/08/1999
39,Grady,Jackson,G,20,25/05/2003
40,Peter,Bright,P,56,15/10/1967
41,Romeo,Frank,R,56,06/06/1967
42,Chris,Howells,C,29,05/11/1994
43,Quinton,Perry,Q,18,07/12/2005
44,Aurelio,Davis,A,35,11/09/1988
45,Grady,Sherman,G,50,03/09/1973
46,Grady,Goodwin,G,57,20/03/1966
47,Grady,Flowers,G,19,27/09/2004
48,Peter,Davis,P,22,14/08/2001
49,Romeo,Howells,R,31,18/07/1992
50,Aurelio,Sherman,A,45,30/12/1978
51,Jess,King,J,40,28/01/1983
52,Peter,Perry,P,33,27/03/1990
53,Mickey,Perry,M,26,28/03/1997
54,Donny,Warner,D,32,21/08/1991
55,Jess,Walton,J,19,20/11/2004
56,Jess,Jackson,J,49,18/08/1974
57,Peter,Flowers,P,21,15/04/2002
58,Vern,Bright,V,51,12/11/1972
59,Hank,Dean,H,35,16/04/1988
60,Mickey,Dixon,M,19,16/01/2004
61,Jimmie,Frank,J,58,03/08/1965
62,Joey,Warner,J,30,20/08/1993
63,Romeo,Frank,R,41,06/10/1982
64,Romeo,Davis,R,37,04/05/1986
65,Chris,Davis,C,55,12/08/1968
66,Romeo,Goodwin,R,26,06/03/1997
67,Jimmie,Schroeder,J,37,17/06/1986
68,Darin,Chen,D,19,03/02/2004
69,Quinton,Chen,Q,24,06/03/1999
70,Foster,Dixon,F,46,20/08/1977
71,Donny,Sherman,D,22,25/01/2001
72,Foster,Goodwin,F,24,19/12/1999
73,Kim,Davis,K,25,27/03/1998
74,Evan,Walton,E,48,14/05/1975
75,Mickey,Goodwin,M,26,07/04/1997
76,Jeremy,Frank,J,51,18/06/1972
77,Dwayne,Perry,D,31,01/03/1992
78,Jess,Flynn,J,54,07/11/1969
79,Donny,Jackson,D,55,24/08/1968
80,Dwayne,Jackson,D,30,15/01/1993
81,Kim,Perry,K,60,23/06/1963
82,Peter,Schroeder,P,54,04/04/1969
83,Grady,Dean,G,51,01/07/1972
84,Vern,Bright,V,54,09/04/1969
85,Jimmie,Flynn,J,31,27/07/1992
86,Mickey,Sherman,M,36,01/08/1987
87,Pasquale,Dixon,P,42,30/10/1981
88,Evan,Davis,E,36,21/09/1987
89,Evan,Frank,E,58,12/01/1965
90,Darin,Sherman,D,54,18/05/1969
91,Dwayne,Dean,D,50,25/12/1973
92,Aurelio,Schroeder,A,19,20/05/2004
93,Romeo,Warren,R,38,06/03/1985
94,Joey,Schroeder,J,32,04/02/1991
95,Jimmie,Dean,J,37,26/08/1986
96,Pasquale,Davis,P,56,07/01/1967
97,Mickey,Walton,M,26,30/05/1997
98,Donny,Dean,D,33,06/06/1990
99,Donny,Jackson,D,33,16/09/1990
100,Pasquale,Flowers,P,57,26/04/1966
101,Evan,Flowers,E,24,21/06/1999
102,Donny,Sherman,D,59,08/04/1964
103,Aurelio,Frank,A,36,06/06/1987
104,Mickey,Sherman,M,43,08/06/1980
105,Quinton,Davis,Q,26,22/09/1997
106,Jimmie,Frank,J,22,07/02/2001
107,Foster,Warren,F,35,17/05/1988
108,Evan,Frank,E,21,04/06/2002
109,Hank,Warner,H,40,01/03/1983
110,Kim,Torres,K,25,26/03/1998
111,Mickey,Flynn,M,22,27/03/2001
112,Romeo,King,R,26,25/04/1997
113,Jimmie,Flynn,J,35,09/04/1988
114,Foster,Flynn,F,58,13/05/1965
115,Vern,Walton,V,53,25/10/1970
116,Jimmie,Schroeder,J,52,26/06/1971
117,Pasquale,Walton,P,57,23/03/1966
118,Mickey,Dixon,M,60,17/05/1963
119,Quinton,Sherman,Q,31,13/11/1992
120,Kim,Davis,K,40,01/09/1983
121,Mickey,Bright,M,32,30/08/1991
122,Joey,King,J,56,07/01/1967
123,Foster,Dixon,F,44,05/06/1979
124,Hank,Warren,H,59,03/01/1964
125,Pasquale,Bright,P,39,11/03/1984
126,Dwayne,Dean,D,50,20/11/1973
127,Evan,Schroeder,E,54,06/07/1969
128,Grady,Flowers,G,28,09/10/1995
129,Dwayne,Chen,D,31,06/07/1992
130,Hank,Torres,H,28,27/04/1995
131,Hank,Goodwin,H,39,01/06/1984
132,Pasquale,Walton,P,48,19/10/1975
133,Jimmie,King,J,37,08/05/1986
134,Peter,Flynn,P,56,22/09/1967
135,Joey,Torres,J,51,18/05/1972
136,Chris,Howells,C,49,04/08/1974
137,Evan,Jackson,E,53,28/11/1970
138,Evan,Chen,E,30,23/01/1993
139,Donny,Warner,D,29,11/05/1994
140,Mickey,Flowers,M,51,27/09/1972
141,Pasquale,Bright,P,42,27/05/1981
142,Jimmie,Warner,J,33,08/08/1990
143,Aurelio,Frank,A,28,21/11/1995
144,Dwayne,Davis,D,28,28/12/1995
145,Hank,Flowers,H,29,01/09/1994
146,Quinton,Flowers,Q,55,22/12/1968
147,Peter,Henry,P,59,05/09/1964
148,Pasquale,Davis,P,37,13/12/1986
149,Aurelio,Dean,A,35,01/08/1988
150,Dwayne,Henry,D,30,22/12/1993
151,Darin,Warner,D,34,05/01/1989
152,Grady,Henry,G,25,08/07/1998
153,Peter,Jackson,P,37,10/06/1986
154,Joey,Torres,J,27,11/07/1996
155,Aurelio,Chen,A,35,15/02/1988
156,Romeo,Warner,R,49,07/09/1974
157,Jeremy,Dixon,J,24,03/11/1999
158,Joey,King,J,37,19/09/1986
159,Jess,Sherman,J,53,07/11/1970
160,Aurelio,Sherman,A,35,08/12/1988
161,Evan,Flynn,E,24,06/08/1999
162,Foster,Torres,F,42,04/09/1981
163,Darin,Bright,D,35,03/11/1988
164,Aurelio,Goodwin,A,42,11/12/1981
165,Donny,Henry,D,39,04/03/1984
166,Romeo,Flowers,R,54,09/09/1969
167,Vern,Warner,V,50,01/10/1973
168,Hank,Goodwin,H,40,28/09/1983
169,Kim,Sherman,K,49,04/09/1974
170,Joey,Bright,J,47,02/09/1976
171,Foster,Flowers,F,44,07/04/1979
172,Joey,Davis,J,36,28/08/1987
173,Chris,Perry,C,35,06/03/1988
174,Evan,Howells,E,32,21/04/1991
175,Evan,Chen,E,32,01/11/1991
176,Peter,Frank,P,49,11/08/1974
177,Aurelio,Warren,A,47,12/12/1976
178,Kim,Jackson,K,53,10/04/1970
179,Hank,Frank,H,57,12/04/1966
180,Donny,Dean,D,25,26/11/1998
181,Joey,Flynn,J,24,20/09/1999
182,Chris,Sherman,C,44,22/01/1979
183,Darin,Walton,D,24,23/02/1999
184,Aurelio,Dixon,A,30,19/03/1993
185,Hank,Chen,H,34,09/01/1989
186,Kim,Howells,K,30,28/12/1993
187,Jess,Frank,J,18,09/06/2005
188,Darin,Perry,D,49,03/05/1974
189,Jeremy,Perry,J,33,04/09/1990
190,Donny,Schroeder,D,32,08/02/1991
191,Dwayne,Schroeder,D,50,22/10/1973
192,Grady,Perry,G,33,14/10/1990
193,Hank,Warner,H,54,25/06/1969
194,Dwayne,Flynn,D,18,02/01/2005
195,Jimmie,Howells,J,25,29/10/1998
196,Peter,Goodwin,P,42,05/07/1981
197,Joey,Walton,J,22,13/12/2001
198,Dwayne,Perry,D,21,26/03/2002
199,Romeo,Jackson,R,21,05/08/2002
200,Mickey,Flynn,M,39,24/10/1984
201,Kim,Frank,K,20,11/07/2003
202,Jess,Flynn,J,57,19/08/1966
203,Joey,Henry,J,36,22/11/1987
204,Jeremy,Flynn,J,21,20/11/2002
205,Quinton,Bright,Q,60,23/10/1963
206,Quinton,Walton,Q,54,27/08/1969
207,Quinton,Goodwin,Q,57,05/05/1966
208,Chris,Henry,C,37,02/09/1986
209,Foster,Frank,F,58,09/09/1965
210,Grady,Warner,G,33,06/01/1990
211,Aurelio,Flynn,A,52,06/03/1971
212,Kim,Goodwin,K,39,22/10/1984
213,Peter,Schroeder,P,54,21/09/1969
214,Dwayne,Bright,D,49,01/09/1974
215,Dwayne,Chen,D,56,04/11/1967
216,Mickey,Flynn,M,41,11/09/1982
217,Vern,Sherman,V,37,18/04/1986
218,Vern,Schroeder,V,43,29/11/1980
219,Pasquale,Dean,P,22,25/12/2001
220,Hank,Perry,H,35,25/07/1988
221,Romeo,Warner,R,22,14/02/2001
222,Jimmie,Flowers,J,38,09/12/1985
223,Darin,Warren,D,41,28/06/1982
224,Peter,Warner,P,48,22/11/1975
225,Kim,Jackson,K,54,28/12/1969
226,Evan,Warren,E,43,14/03/1980
227,Mickey,Henry,M,56,11/10/1967
228,Donny,Howells,D,54,03/01/1969
229,Mickey,Jackson,M,27,11/10/1996
230,Aurelio,Henry,A,28,01/02/1995
231,Jimmie,Dean,J,22,15/06/2001
232,Kim,Sherman,K,49,17/07/1974
233,Joey,Flynn,J,35,14/10/1988
234,Romeo,Sherman,R,48,30/05/1975
235,Vern,Flynn,V,31,04/04/1992
236,Pasquale,Flowers,P,51,02/11/1972
237,Pasquale,Dean,P,31,25/01/1992
238,Darin,King,D,37,25/10/1986
239,Chris,Flynn,C,33,26/04/1990
240,Jeremy,Henry,J,18,29/09/2005
241,Jeremy,Flynn,J,44,13/09/1979
242,Darin,Schroeder,D,31,15/07/1992
243,Aurelio,King,A,34,24/06/1989
244,Jess,Torres,J,43,21/12/1980
245,Peter,Jackson,P,25,11/12/1998
246,Chris,Warren,C,54,10/01/1969
247,Foster,Davis,F,22,17/10/2001
248,Pasquale,Warren,P,46,11/01/1977
249,Jimmie,Henry,J,53,19/12/1970
250,Kim,Howells,K,20,09/06/2003
251,Romeo,Dean,R,54,01/10/1969
252,Evan,Sherman,E,42,01/09/1981
253,Evan,Warner,E,57,08/04/1966
254,Romeo,Jackson,R,54,01/03/1969
255,Aurelio,Torres,A,54,22/09/1969
256,Jimmie,Perry,J,26,01/07/1997
257,Chris,King,C,34,19/02/1989
258,Donny,Frank,D,42,25/09/1981
259,Joey,Dixon,J,26,17/12/1997
260,Aurelio,Howells,A,37,23/09/1986
261,Vern,Dean,V,32,16/03/1991
262,Quinton,Henry,Q,35,22/11/1988
263,Grady,Dean,G,45,08/08/1978
264,Kim,Torres,K,42,27/01/1981
265,Mickey,Goodwin,M,24,18/12/1999
266,Kim,Frank,K,30,01/04/1993
267,Evan,Dixon,E,56,01/03/1967
268,Pasquale,Torres,P,27,01/01/1996
269,Peter,Henry,P,28,09/09/1995
270,Peter,Flynn,P,45,10/08/1978
271,Chris,Dixon,C,20,05/06/2003
272,Evan,Flynn,E,47,03/05/1976
273,Jeremy,Dean,J,33,17/07/1990
274,Dwayne,Davis,D,25,20/08/1998
275,Hank,Howells,H,50,12/01/1973
276,Aurelio,Torres,A,40,27/04/1983
277,Pasquale,Frank,P,30,07/01/1993
278,Chris,Warner,C,32,23/01/1991
279,Kim,Sherman,K,60,02/01/1963
280,Hank,Perry,H,20,27/09/2003
281,Donny,Bright,D,47,17/10/1976
282,Romeo,Jackson,R,50,07/09/1973
283,Darin,Frank,D,48,23/12/1975
284,Jeremy,Flowers,J,36,15/07/1987
285,Jeremy,Dean,J,59,11/04/1964
286,Jeremy,Henry,J,29,01/06/1994
287,Vern,Chen,V,48,04/08/1975
288,Jess,Warner,J,56,26/01/1967
289,Donny,Howells,D,54,27/01/1969
290,Romeo,Schroeder,R,26,14/07/1997
291,Peter,Chen,P,58,17/04/1965
292,Foster,Jackson,F,18,22/09/2005
293,Hank,King,H,29,04/11/1994
294,Vern,Chen,V,23,19/07/2000
295,Aurelio,Chen,A,29,22/02/1994
296,Darin,Dixon,D,42,06/05/1981
297,Mickey,Jackson,M,31,11/02/1992
298,Kim,Howells,K,55,09/05/1968
299,Peter,Dean,P,42,15/01/1981
300,Mickey,Henry,M,25,10/05/1998
301,Chris,Chen,C,24,13/12/1999
302,Mickey,Perry,M,40,21/11/1983
303,Vern,Warner,V,47,01/06/1976
304,Quinton,Frank,Q,53,14/08/1970
305,Jimmie,Henry,J,54,23/10/1969
306,Kim,Howells,K,19,11/03/2004
307,Jeremy,King,J,54,17/11/1969
308,Romeo,Walton,R,32,21/06/1991
309,Grady,Dixon,G,54,09/01/1969
310,Chris,Davis,C,60,21/08/1963
311,Romeo,Bright,R,28,11/01/1995
312,Kim,Walton,K,50,10/03/1973
313,Joey,Flynn,J,58,17/12/1965
314,Donny,Davis,D,48,14/12/1975
315,Joey,Torres,J,33,28/12/1990
316,Dwayne,Dixon,D,54,09/11/1969
317,Mickey,Perry,M,56,12/12/1967
318,Jeremy,Howells,J,24,02/01/1999
319,Foster,Henry,F,47,06/10/1976
320,Foster,Bright,F,51,19/09/1972
321,Jess,Torres,J,59,15/03/1964
322,Mickey,Flowers,M,28,25/06/1995
323,Romeo,Perry,R,47,02/06/1976
324,Vern,Torres,V,44,02/06/1979
325,Jess,Davis,J,54,06/02/1969
326,Jess,Walton,J,51,03/06/1972
327,Grady,Warner,G,60,01/10/1963
328,Foster,Frank,F,45,27/04/1978
329,Hank,Davis,H,25,12/10/1998
330,Joey,Chen,J,32,19/10/1991
331,Aurelio,Warner,A,42,25/10/1981
332,Grady,Henry,G,18,20/05/2005
333,Pasquale,Perry,P,24,13/08/1999
334,Pasquale,Goodwin,P,59,20/01/1964
335,Jess,Davis,J,57,02/12/1966
336,Jeremy,Chen,J,45,23/12/1978
337,Romeo,Perry,R,46,06/02/1977
338,Darin,Dixon,D,30,20/10/1993
339,Chris,Chen,C,53,02/09/1970
340,Evan,Flynn,E,48,15/03/1975
341,Joey,Goodwin,J,59,29/06/1964
342,Mickey,Walton,M,26,16/07/1997
343,Evan,Perry,E,51,10/04/1972
344,Hank,Frank,H,60,06/03/1963
345,Jess,Perry,J,33,20/11/1990
346,Aurelio,Perry,A,34,16/12/1989
347,Kim,Flynn,K,28,02/10/1995
348,Jess,Perry,J,33,16/11/1990
349,Quinton,Walton,Q,59,11/06/1964
350,Chris,Warner,C,57,21/08/1966
351,Donny,Schroeder,D,45,30/12/1978
352,Quinton,Warren,Q,21,07/05/2002
353,Donny,Chen,D,28,09/10/1995
354,Vern,Howells,V,60,14/07/1963
355,Foster,Flynn,F,55,03/06/1968
356,Chris,Davis,C,31,27/09/1992
357,Evan,Warren,E,30,16/05/1993
358,Donny,Goodwin,D,48,01/08/1975
359,Evan,Jackson,E,25,23/11/1998
360,Aurelio,Frank,A,56,17/11/1967
361,Jeremy,Dixon,J,22,27/06/2001
362,Jimmie,Dean,J,54,11/09/1969
363,Mickey,Walton,M,33,22/01/1990
364,Darin,Perry,D,56,15/01/1967
365,Kim,Bright,K,19,03/03/2004
366,Jess,Warren,J,56,11/11/1967
367,Joey,Goodwin,J,35,19/07/1988
368,Romeo,Frank,R,23,05/11/2000
369,Quinton,Howells,Q,55,02/05/1968
370,Quinton,Goodwin,Q,52,03/12/1971
371,Vern,Warren,V,49,28/07/1974
372,Joey,Schroeder,J,29,27/06/1994
373,Aurelio,Warren,A,44,23/10/1979
374,Kim,Frank,K,31,15/02/1992
375,Grady,Torres,G,39,18/08/1984
376,Joey,Perry,J,32,02/05/1991
377,Jess,Jackson,J,31,08/10/1992
378,Hank,Warren,H,52,23/07/1971
379,Joey,Howells,J,18,30/01/2005
380,Dwayne,Warren,D,25,23/05/1998
381,Darin,Flowers,D,26,19/01/1997
382,Grady,Flynn,G,50,21/01/1973
383,Mickey,Jackson,M,41,17/11/1982
384,Foster,Schroeder,F,56,27/06/1967
385,Darin,Warner,D,53,13/07/1970
386,Dwayne,King,D,60,19/10/1963
387,Foster,Chen,F,44,26/01/1979
388,Evan,Flowers,E,43,15/03/1980
389,Aurelio,Chen,A,35,09/01/1988
390,Romeo,Goodwin,R,36,10/12/1987
391,Jess,Flynn,J,27,15/04/1996
392,Chris,Dixon,C,31,29/05/1992
393,Hank,Flynn,H,59,21/07/1964
394,Joey,Schroeder,J,31,11/03/1992
395,Chris,Flynn,C,49,15/08/1974
396,Quinton,Howells,Q,35,15/01/1988
397,Darin,Goodwin,D,59,20/11/1964
398,Darin,Warner,D,26,13/12/1997
399,Jimmie,Warren,J,18,23/07/2005
400,Foster,Chen,F,24,25/03/1999
401,Aurelio,Warner,A,59,04/09/1964
402,Aurelio,Dixon,A,24,12/06/1999
403,Chris,Schroeder,C,47,27/05/1976
404,Donny,Bright,D,60,15/12/1963
405,Joey,Flowers,J,43,07/03/1980
406,Evan,Jackson,E,25,26/11/1998
407,Hank,Warner,H,18,27/03/2005
408,Darin,Warner,D,24,17/09/1999
409,Jess,Warren,J,21,21/12/2002
410,Darin,Flynn,D,20,27/06/2003
411,Romeo,Dixon,R,53,11/04/1970
412,Donny,King,D,35,05/09/1988
413,Darin,Bright,D,44,17/08/1979
414,Chris,King,C,40,06/07/1983
415,Joey,Flowers,J,59,18/01/1964
416,Dwayne,Warren,D,24,25/09/1999
417,Jeremy,Dixon,J,41,24/11/1982
418,Peter,Walton,P,33,08/01/1990
419,Peter,Schroeder,P,18,02/05/2005
420,Hank,Perry,H,58,13/11/1965
421,Mickey,Frank,M,33,08/12/1990
422,Mickey,Jackson,M,43,15/06/1980
423,Foster,Warren,F,35,18/05/1988
424,Vern,Henry,V,40,23/04/1983
425,Dwayne,Warner,D,35,08/08/1988
426,Peter,Flynn,P,41,19/01/1982
427,Evan,Howells,E,56,14/08/1967
428,Darin,Howells,D,27,18/08/1996
429,Jimmie,Schroeder,J,22,10/02/2001
430,Pasquale,Perry,P,24,09/06/1999
431,Joey,Jackson,J,40,17/04/1983
432,Kim,Sherman,K,29,02/11/1994
433,Jeremy,Goodwin,J,31,01/09/1992
434,Romeo,Goodwin,R,34,14/11/1989
435,Jess,Goodwin,J,19,04/08/2004
436,Grady,Walton,G,23,18/04/2000
437,Evan,Torres,E,54,11/05/1969
438,Jimmie,Henry,J,51,22/01/1972
439,Jess,Goodwin,J,22,11/09/2001
440,Romeo,Perry,R,21,11/02/2002
441,Peter,Jackson,P,44,10/07/1979
442,Jimmie,Howells,J,40,10/11/1983
443,Mickey,Chen,M,34,24/11/1989
444,Joey,Sherman,J,19,21/12/2004
445,Mickey,Sherman,M,21,09/12/2002
446,Pasquale,Schroeder,P,20,21/06/2003
447,Aurelio,Walton,A,36,28/03/1987
448,Vern,Howells,V,42,19/10/1981
449,Peter,Torres,P,39,22/09/1984
450,Vern,Flowers,V,43,22/05/1980
451,Peter,Howells,P,27,09/12/1996
452,Darin,Warner,D,48,20/07/1975
453,Chris,Walton,C,50,07/09/1973
454,Chris,Torres,C,37,30/04/1986
455,Jeremy,Bright,J,33,11/08/1990
456,Foster,Dixon,F,26,24/10/1997
457,Jimmie,Schroeder,J,53,25/06/1970
458,Darin,Perry,D,42,12/08/1981
459,Romeo,Bright,R,55,04/02/1968
460,Donny,Henry,D,43,23/02/1980
461,Darin,Sherman,D,31,14/04/1992
462,Darin,Dean,D,36,10/07/1987
463,Vern,Flynn,V,44,11/08/1979
464,Quinton,Torres,Q,29,23/04/1994
465,Grady,Perry,G,23,19/12/2000
466,Joey,Schroeder,J,26,11/02/1997
467,Pasquale,Flowers,P,22,19/11/2001
468,Vern,Flowers,V,37,03/09/1986
469,Hank,Warner,H,50,27/09/1973
470,Darin,Perry,D,21,19/02/2002
471,Darin,Frank,D,50,16/03/1973
472,Jess,Goodwin,J,27,19/05/1996
473,Vern,Dean,V,53,29/12/1970
474,Kim,Henry,K,28,18/03/1995
475,Jimmie,Bright,J,52,13/06/1971
476,Aurelio,Torres,A,25,17/05/1998
477,Darin,Walton,D,31,10/12/1992
478,Vern,Flowers,V,53,13/09/1970
479,Jimmie,Henry,J,34,29/05/1989
480,Chris,Schroeder,C,35,06/12/1988
481,Hank,Dean,H,51,05/09/1972
482,Darin,Flowers,D,27,23/02/1996
483,Grady,Frank,G,49,25/07/1974
484,Jimmie,Dixon,J,37,11/06/1986
485,Hank,Dean,H,52,25/08/1971
486,Joey,Perry,J,48,27/04/1975
487,Hank,Sherman,H,27,22/07/1996
488,Chris,Goodwin,C,52,15/09/1971
489,Grady,Warren,G,37,18/09/1986
490,Romeo,Perry,R,20,10/04/2003
491,Foster,Walton,F,20,21/06/2003
492,Donny,Dixon,D,25,05/11/1998
493,Vern,Dean,V,59,21/10/1964
494,Jeremy,Warren,J,27,25/07/1996
495,Peter,Perry,P,29,30/03/1994
496,Joey,King,J,35,04/09/1988
497,Darin,Jackson,D,46,03/03/1977
498,Donny,Bright,D,22,14/08/2001
499,Pasquale,Howells,P,33,28/11/1990
500,Pasquale,Chen,P,58,09/07/1965
501,Jess,Dean,J,35,22/12/1988
502,Jess,King,J,46,26/09/1977
503,Kim,Perry,K,57,10/03/1966
504,Mickey,Dixon,M,52,30/01/1971
505,Joey,Bright,J,40,12/12/1983
506,Foster,Bright,F,53,02/10/1970
507,Quinton,Perry,Q,51,22/12/1972
508,Peter,Dean,P,60,11/02/1963
509,Aurelio,Dean,A,53,05/03/1970
510,Jess,Jackson,J,54,22/05/1969
511,Hank,Jackson,H,28,29/12/1995
512,Pasquale,Howells,P,45,30/01/1978
513,Kim,Schroeder,K,47,27/02/1976
514,Darin,Goodwin,D,49,18/01/1974
515,Pasquale,Perry,P,55,12/07/1968
516,Quinton,Torres,Q,18,10/08/2005
517,Chris,Bright,C,37,11/07/1986
518,Pasquale,Goodwin,P,59,08/08/1964
519,Mickey,Dean,M,20,21/07/2003
520,Peter,Warren,P,35,03/07/1988
521,Joey,Jackson,J,56,05/07/1967
522,Aurelio,Flynn,A,19,27/06/2004
523,Foster,Warner,F,56,06/08/1967
524,Kim,Jackson,K,23,06/09/2000
525,Joey,Flowers,J,20,16/08/2003
526,Grady,Frank,G,23,22/08/2000
527,Donny,Frank,D,19,14/07/2004
528,Foster,Davis,F,42,16/02/1981
529,Romeo,Warren,R,37,12/09/1986
530,Jimmie,Chen,J,51,18/01/1972
531,Pasquale,Walton,P,54,12/02/1969
532,Aurelio,Walton,A,58,16/01/1965
533,Kim,Flynn,K,55,07/05/1968
534,Jeremy,Warren,J,45,11/05/1978
535,Romeo,Henry,R,18,15/04/2005
536,Kim,Jackson,K,35,11/07/1988
537,Jimmie,Dean,J,23,23/06/2000
538,Mickey,Goodwin,M,20,22/08/2003
539,Foster,Sherman,F,49,10/04/1974
540,Hank,Jackson,H,50,12/11/1973
541,Kim,Perry,K,20,25/11/2003
542,Jess,Jackson,J,54,03/04/1969
543,Foster,Warner,F,18,10/11/2005
544,Jeremy,Torres,J,40,14/12/1983
545,Aurelio,Warren,A,21,09/09/2002
546,Hank,Walton,H,20,17/12/2003
547,Hank,Sherman,H,44,06/11/1979
548,Donny,Frank,D,31,30/11/1992
549,Joey,Perry,J,27,25/07/1996
550,Mickey,Perry,M,28,05/04/1995
551,Jess,Goodwin,J,20,19/12/2003
552,Darin,Jackson,D,38,28/12/1985
553,Hank,Davis,H,48,23/09/1975
554,Jimmie,Bright,J,60,01/11/1963
555,Joey,Warner,J,32,10/02/1991
556,Grady,Perry,G,18,04/08/2005
557,Peter,Sherman,P,41,28/03/1982
558,Kim,Walton,K,46,15/12/1977
559,Peter,Walton,P,56,08/10/1967
560,Foster,Perry,F,43,28/02/1980
561,Joey,Dixon,J,47,15/01/1976
562,Jeremy,Howells,J,45,12/09/1978
563,Quinton,Henry,Q,45,08/06/1978
564,Evan,Sherman,E,59,06/06/1964
565,Vern,Dean,V,27,10/04/1996
566,Kim,Bright,K,44,20/05/1979
567,Jess,King,J,49,01/02/1974
568,Foster,Jackson,F,37,29/04/1986
569,Grady,Walton,G,25,22/07/1998
570,Jess,Warner,J,51,11/03/1972
571,Peter,Warren,P,60,12/10/1963
572,Darin,Flowers,D,34,24/07/1989
573,Kim,Warren,K,29,20/11/1994
574,Vern,Warren,V,35,15/09/1988
575,Mickey,Flynn,M,22,29/12/2001
576,Pasquale,Goodwin,P,35,30/08/1988
577,Aurelio,King,A,52,22/06/1971
578,Aurelio,Jackson,A,32,26/03/1991
579,Kim,Frank,K,52,17/04/1971
580,Quinton,Frank,Q,28,25/02/1995
581,Peter,Henry,P,55,06/07/1968
582,Peter,Bright,P,28,14/07/1995
583,Evan,Jackson,E,26,25/07/1997
584,Pasquale,Warner,P,54,10/10/1969
585,Donny,Perry,D,37,13/10/1986
586,Jeremy,Henry,J,46,10/06/1977
587,Evan,Torres,E,22,08/05/2001
588,Mickey,Henry,M,49,17/03/1974
589,Vern,Frank,V,57,29/09/1966
590,Evan,Dixon,E,41,21/06/1982
591,Dwayne,Henry,D,45,02/12/1978
592,Joey,Chen,J,41,21/12/1982
593,Pasquale,Perry,P,59,15/09/1964
594,Hank,King,H,60,28/01/1963
595,Romeo,Warren,R,56,11/11/1967
596,Grady,King,G,56,12/01/1967
597,Vern,Bright,V,53,05/11/1970
598,Evan,Warren,E,36,07/04/1987
599,Aurelio,Warren,A,48,03/07/1975
600,Hank,Perry,H,52,11/05/1971
601,Joey,Perry,J,27,03/09/1996
602,Jimmie,Warner,J,29,06/07/1994
603,Evan,King,E,42,22/01/1981
604,Darin,Schroeder,D,18,25/06/2005
605,Aurelio,Walton,A,45,04/05/1978
606,Evan,Davis,E,53,21/05/1970
607,Chris,Davis,C,52,13/01/1971
608,Hank,King,H,57,30/09/1966
609,Pasquale,Sherman,P,22,04/08/2001
610,Peter,Jackson,P,24,01/12/1999
611,Vern,Davis,V,30,09/04/1993
612,Evan,Bright,E,29,17/01/1994
613,Jess,Davis,J,30,30/08/1993
614,Mickey,Perry,M,53,23/01/1970
615,Dwayne,Sherman,D,48,04/08/1975
616,Peter,Warren,P,31,23/07/1992
617,Darin,Henry,D,29,30/08/1994
618,Jimmie,Schroeder,J,36,17/03/1987
619,Evan,Goodwin,E,40,30/01/1983
620,Foster,Schroeder,F,52,16/01/1971
621,Darin,Flowers,D,39,03/01/1984
622,Chris,Frank,C,35,05/11/1988
623,Grady,Howells,G,55,16/10/1968
624,Donny,King,D,25,24/08/1998
625,Evan,Perry,E,39,03/09/1984
626,Aurelio,Davis,A,58,07/01/1965
627,Peter,King,P,54,22/11/1969
628,Darin,Dean,D,59,29/08/1964
629,Chris,Howells,C,50,24/04/1973
630,Chris,Davis,C,54,28/12/1969
631,Romeo,Davis,R,41,05/02/1982
632,Foster,Walton,F,43,17/07/1980
633,Grady,Bright,G,59,27/11/1964
634,Grady,Dixon,G,29,13/08/1994
635,Mickey,Goodwin,M,55,16/01/1968
636,Joey,Walton,J,54,29/04/1969
637,Pasquale,Torres,P,26,08/07/1997
638,Donny,Henry,D,48,10/08/1975
639,Darin,Chen,D,34,09/01/1989
640,Joey,Sherman,J,42,06/09/1981
641,Joey,Flowers,J,54,14/10/1969
642,Pasquale,Dean,P,22,05/01/2001
643,Joey,Goodwin,J,46,13/04/1977
644,Jeremy,Chen,J,24,12/02/1999
645,Donny,Torres,D,51,24/05/1972
646,Mickey,Henry,M,57,12/05/1966
647,Hank,Warner,H,22,06/04/2001
648,Darin,Frank,D,33,25/09/1990
649,Peter,Warren,P,51,22/04/1972
650,Foster,Bright,F,33,17/07/1990
651,Romeo,Schroeder,R,27,16/05/1996
652,Jeremy,Dean,J,33,04/09/1990
653,Jeremy,Henry,J,27,01/12/1996
654,Vern,Sherman,V,31,24/08/1992
655,Jeremy,Davis,J,24,25/02/1999
656,Pasquale,Bright,P,21,09/08/2002
657,Dwayne,Howells,D,23,09/05/2000
658,Kim,Davis,K,60,03/01/1963
659,Pasquale,Jackson,P,26,03/06/1997
660,Joey,Torres,J,46,12/08/1977
661,Foster,Warren,F,35,11/04/1988
662,Grady,Davis,G,31,14/02/1992
663,Pasquale,Dean,P,40,22/08/1983
664,Foster,Dean,F,36,19/08/1987
665,Pasquale,Dixon,P,42,20/01/1981
666,Darin,Henry,D,50,21/06/1973
667,Jimmie,Flowers,J,59,30/08/1964
668,Jimmie,Flowers,J,33,03/04/1990
669,Jess,Jackson,J,40,14/09/1983
670,Donny,Goodwin,D,57,23/12/1966
671,Romeo,Howells,R,42,05/02/1981
672,Peter,Chen,P,56,21/04/1967
673,Mickey,Dean,M,60,19/03/1963
674,Aurelio,Schroeder,A,38,11/07/1985
675,Dwayne,Torres,D,24,18/11/1999
676,Quinton,Dixon,Q,59,24/09/1964
677,Jess,Flowers,J,34,30/09/1989
678,Aurelio,Perry,A,19,10/11/2004
679,Pasquale,Jackson,P,56,29/09/1967
680,Joey,Chen,J,35,17/09/1988
681,Romeo,Henry,R,38,14/07/1985
682,Peter,Torres,P,30,05/01/1993
683,Darin,Dixon,D,44,30/09/1979
684,Vern,Torres,V,34,03/01/1989
685,Chris,Howells,C,33,12/02/1990
686,Jimmie,Flynn,J,33,22/03/1990
687,Aurelio,Frank,A,34,27/01/1989
688,Vern,Davis,V,51,02/09/1972
689,Kim,Flynn,K,25,25/01/1998
690,Romeo,Sherman,R,55,01/12/1968
691,Mickey,Walton,M,53,09/04/1970
692,Pasquale,Henry,P,25,29/07/1998
693,Romeo,Dixon,R,41,25/11/1982
694,Jeremy,Davis,J,49,11/02/1974
695,Joey,Jackson,J,59,25/10/1964
696,Vern,Bright,V,19,15/01/2004
697,Grady,Dean,G,29,03/04/1994
698,Peter,Schroeder,P,37,24/09/1986
699,Aurelio,Dean,A,53,10/05/1970
700,Romeo,Howells,R,30,10/12/1993
701,Mickey,Warner,M,31,10/02/1992
702,Foster,Jackson,F,32,03/01/1991
703,Jeremy,Flowers,J,28,28/03/1995
704,Dwayne,King,D,50,15/09/1973
705,Vern,Chen,V,45,19/12/1978
706,Foster,Flynn,F,55,29/12/1968
707,Aurelio,Schroeder,A,20,01/03/2003
708,Romeo,Jackson,R,37,15/03/1986
709,Peter,Schroeder,P,39,11/01/1984
710,Darin,Henry,D,42,13/05/1981
711,Darin,Dixon,D,53,18/07/1970
712,Grady,Dean,G,25,11/06/1998
713,Evan,Frank,E,57,22/03/1966
714,Dwayne,Howells,D,52,28/10/1971
715,Peter,Dean,P,58,05/02/1965
716,Dwayne,Perry,D,24,14/06/1999
717,Quinton,Howells,Q,35,19/01/1988
718,Foster,Flynn,F,19,27/10/2004
719,Chris,Bright,C,49,29/08/1974
720,Vern,Bright,V,34,14/11/1989
721,Mickey,Warren,M,53,11/06/1970
722,Hank,Flowers,H,19,14/12/2004
723,Joey,Dean,J,21,21/09/2002
724,Jess,Sherman,J,50,22/12/1973
725,Grady,Goodwin,G,55,22/06/1968
726,Chris,Henry,C,29,10/05/1994
727,Chris,King,C,58,19/12/1965
728,Jess,Perry,J,53,06/09/1970
729,Grady,Howells,G,19,13/04/2004
730,Chris,Dixon,C,18,05/08/2005
731,Jeremy,Goodwin,J,20,16/04/2003
732,Jess,Frank,J,47,01/10/1976
733,Joey,Warren,J,44,16/07/1979
734,Aurelio,Chen,A,21,02/11/2002
735,Donny,Walton,D,33,08/01/1990
736,Kim,Howells,K,46,19/10/1977
737,Romeo,Flowers,R,27,21/03/1996
738,Aurelio,Chen,A,20,19/09/2003
739,Foster,Torres,F,39,04/02/1984
740,Kim,Dixon,K,41,25/11/1982
741,Aurelio,Howells,A,52,21/04/1971
742,Grady,Frank,G,46,22/12/1977
743,Evan,Dean,E,41,13/10/1982
744,Peter,Warner,P,27,27/05/1996
745,Jimmie,Bright,J,50,29/08/1973
746,Evan,Howells,E,39,04/10/1984
747,Foster,Davis,F,44,19/05/1979
748,Kim,King,K,29,22/12/1994
749,Darin,Torres,D,52,29/10/1971
750,Mickey,Warner,M,18,09/05/2005
751,Donny,Jackson,D,31,13/02/1992
752,Jimmie,Chen,J,55,13/08/1968
753,Darin,Sherman,D,50,06/08/1973
754,Mickey,Flowers,M,40,22/09/1983
755,Kim,Flowers,K,44,17/03/1979
756,Joey,Henry,J,22,15/04/2001
757,Hank,King,H,43,23/05/1980
758,Aurelio,Howells,A,44,16/11/1979
759,Mickey,Torres,M,40,17/07/1983
760,Jimmie,Howells,J,53,11/10/1970
761,Donny,Dixon,D,42,18/10/1981
762,Jess,King,J,43,28/11/1980
763,Hank,Bright,H,33,23/05/1990
764,Donny,Jackson,D,35,19/01/1988
765,Pasquale,Frank,P,52,02/10/1971
766,Foster,Dean,F,40,20/04/1983
767,Joey,Goodwin,J,20,05/04/2003
768,Kim,Bright,K,34,13/12/1989
769,Dwayne,Warner,D,54,03/10/1969
770,Foster,Flynn,F,31,17/11/1992
771,Quinton,Warren,Q,25,02/02/1998
772,Jess,Bright,J,34,14/06/1989
773,Kim,Bright,K,54,09/11/1969
774,Dwayne,Henry,D,57,18/10/1966
775,Dwayne,Torres,D,56,01/01/1967
776,Joey,Dean,J,47,05/09/1976
777,Vern,Warren,V,43,12/04/1980
778,Hank,Warren,H,57,15/08/1966
779,Mickey,Dean,M,50,10/10/1973
780,Joey,Schroeder,J,38,24/03/1985
781,Joey,Howells,J,59,10/01/1964
782,Foster,Davis,F,24,12/08/1999
783,Mickey,Schroeder,M,49,30/05/1974
784,Jess,Chen,J,30,07/07/1993
785,Quinton,Sherman,Q,35,05/06/1988
786,Grady,Warren,G,20,21/04/2003
787,Donny,Chen,D,25,08/08/1998
788,Foster,Dixon,F,32,08/12/1991
789,Foster,Walton,F,57,06/12/1966
790,Jimmie,Schroeder,J,60,02/11/1963
791,Peter,Torres,P,19,16/09/2004
792,Darin,Warner,D,59,16/12/1964
793,Romeo,Warren,R,19,11/08/2004
794,Vern,Flowers,V,40,02/08/1983
795,Hank,Dixon,H,50,20/02/1973
796,Hank,King,H,27,22/11/1996
797,Jess,Dean,J,26,10/03/1997
798,Jeremy,Goodwin,J,32,13/12/1991
799,Vern,Walton,V,18,04/07/2005
800,Donny,King,D,52,07/08/1971
801,Peter,Henry,P,26,20/02/1997
802,Hank,Dixon,H,40,28/05/1983
803,Darin,Warren,D,25,19/11/1998
804,Donny,Dean,D,27,04/06/1996
805,Foster,Goodwin,F,19,13/07/2004
806,Aurelio,King,A,33,14/05/1990
807,Kim,Henry,K,38,14/07/1985
808,Joey,Dean,J,46,06/03/1977
809,Vern,Warner,V,49,18/07/1974
810,Chris,Sherman,C,43,28/02/1980
811,Foster,Dean,F,41,28/09/1982
812,Mickey,Schroeder,M,46,24/09/1977
813,Jeremy,Flynn,J,44,11/09/1979
814,Vern,Schroeder,V,31,12/04/1992
815,Darin,Walton,D,45,11/03/1978
816,Joey,Perry,J,50,28/01/1973
817,Aurelio,Warren,A,39,21/06/1984
818,Pasquale,Schroeder,P,40,25/07/1983
819,Darin,Warner,D,60,18/12/1963
820,Vern,Torres,V,20,08/08/2003
821,Joey,King,J,18,23/08/2005
822,Kim,Bright,K,18,01/06/2005
823,Chris,Howells,C,31,09/05/1992
824,Donny,Warner,D,32,15/04/1991
825,Foster,Davis,F,40,03/02/1983
826,Romeo,Flynn,R,25,15/03/1998
827,Evan,Schroeder,E,48,01/02/1975
828,Chris,Frank,C,50,12/06/1973
829,Aurelio,Sherman,A,18,30/07/2005
830,Pasquale,Frank,P,36,06/12/1987
831,Joey,Warner,J,21,09/02/2002
832,Evan,Bright,E,23,13/06/2000
833,Mickey,Henry,M,43,17/12/1980
834,Peter,Perry,P,18,30/10/2005
835,Evan,Flowers,E,23,27/11/2000
836,Chris,Torres,C,29,17/02/1994
837,Darin,Perry,D,51,16/02/1972
838,Dwayne,Bright,D,18,06/02/2005
839,Donny,Henry,D,19,09/12/2004
840,Peter,Walton,P,45,07/12/1978
841,Joey,Bright,J,22,19/10/2001
842,Darin,Bright,D,38,08/07/1985
843,Dwayne,Warner,D,30,02/01/1993
844,Jeremy,Howells,J,24,23/09/1999
845,Jess,Flynn,J,46,20/07/1977
846,Joey,Bright,J,20,26/10/2003
847,Peter,Perry,P,50,16/06/1973
848,Aurelio,Bright,A,39,08/10/1984
849,Evan,King,E,43,23/01/1980
850,Vern,Walton,V,45,13/03/1978
851,Joey,Dixon,J,45,02/08/1978
852,Romeo,Warren,R,57,25/04/1966
853,Grady,Warren,G,37,21/10/1986
854,Chris,King,C,37,02/11/1986
855,Pasquale,Chen,P,25,29/08/1998
856,Donny,Bright,D,34,04/02/1989
857,Aurelio,Goodwin,A,18,16/02/2005
858,Darin,Davis,D,28,12/07/1995
859,Chris,King,C,55,14/06/1968
860,Romeo,Davis,R,60,25/08/1963
861,Evan,Dean,E,56,01/01/1967
862,Vern,Flowers,V,36,02/09/1987
863,Jimmie,Howells,J,45,20/12/1978
864,Aurelio,Dixon,A,59,01/07/1964
865,Kim,Sherman,K,57,30/03/1966
866,Quinton,Goodwin,Q,43,21/02/1980
867,Evan,Henry,E,21,18/04/2002
868,Jeremy,Warner,J,55,12/07/1968
869,Mickey,Dixon,M,24,29/08/1999
870,Aurelio,Chen,A,20,02/01/2003
871,Jimmie,Sherman,J,55,12/08/1968
872,Grady,Warren,G,31,01/02/1992
873,Jimmie,Dean,J,21,06/08/2002
874,Jimmie,Torres,J,30,08/10/1993
875,Pasquale,Dean,P,21,10/12/2002
876,Jimmie,Sherman,J,19,21/09/2004
877,Quinton,Jackson,Q,49,22/02/1974
878,Kim,Schroeder,K,32,20/09/1991
879,Kim,Davis,K,38,09/11/1985
880,Kim,Dean,K,38,18/12/1985
881,Jimmie,Sherman,J,40,09/05/1983
882,Foster,Walton,F,26,28/06/1997
883,Jess,Warner,J,59,12/11/1964
884,Evan,Goodwin,E,59,29/01/1964
885,Joey,Chen,J,45,09/01/1978
886,Joey,Bright,J,53,13/09/1970
887,Darin,Flowers,D,27,10/12/1996
888,Aurelio,Jackson,A,42,11/08/1981
889,Joey,Flynn,J,39,29/01/1984
890,Jess,Walton,J,37,26/04/1986
891,Foster,Flowers,F,25,23/12/1998
892,Jeremy,Flynn,J,46,08/10/1977
893,Hank,Bright,H,34,10/12/1989
894,Quinton,Flowers,Q,57,30/11/1966
895,Hank,King,H,35,04/12/1988
896,Mickey,Torres,M,52,28/08/1971
897,Darin,Flynn,D,53,17/03/1970
898,Donny,Torres,D,54,30/03/1969
899,Vern,Chen,V,57,28/03/1966
900,Chris,Walton,C,26,05/11/1997
901,Kim,Bright,K,54,02/09/1969
902,Quinton,Schroeder,Q,51,02/09/1972
903,Darin,Frank,D,55,11/03/1968
904,Donny,Dean,D,33,22/09/1990
905,Dwayne,Perry,D,39,25/10/1984
906,Dwayne,Jackson,D,51,21/11/1972
907,Jimmie,Torres,J,60,14/02/1963
908,Grady,Frank,G,24,27/07/1999
909,Quinton,Schroeder,Q,44,24/05/1979
910,Mickey,Walton,M,40,08/02/1983
911,Chris,Schroeder,C,19,24/07/2004
912,Darin,Torres,D,41,11/11/1982
913,Hank,Davis,H,21,26/02/2002
914,Pasquale,Bright,P,20,24/06/2003
915,Foster,Flowers,F,30,04/01/1993
916,Foster,Jackson,F,22,30/09/2001
917,Peter,Davis,P,34,25/09/1989
918,Vern,Henry,V,49,03/11/1974
919,Aurelio,Goodwin,A,21,30/04/2002
920,Foster,Chen,F,52,04/09/1971
921,Evan,Goodwin,E,40,21/01/1983
922,Jess,Henry,J,36,21/06/1987
923,Chris,Henry,C,57,05/04/1966
924,Jess,Howells,J,47,11/05/1976
925,Mickey,Schroeder,M,38,10/06/1985
926,Evan,King,E,46,26/02/1977
927,Chris,Goodwin,C,46,07/09/1977
928,Vern,Walton,V,55,03/04/1968
929,Donny,King,D,18,16/09/2005
930,Pasquale,Walton,P,31,13/01/1992
931,Grady,Sherman,G,34,10/09/1989
932,Jeremy,Howells,J,37,07/04/1986
933,Aurelio,Goodwin,A,32,04/10/1991
934,Romeo,Frank,R,35,22/02/1988
935,Hank,Dean,H,18,16/05/2005
936,Vern,Dean,V,38,19/09/1985
937,Romeo,Bright,R,56,27/09/1967
938,Jess,Howells,J,48,06/12/1975
939,Kim,Frank,K,18,20/03/2005
940,Pasquale,Chen,P,24,07/06/1999
941,Chris,Chen,C,20,30/09/2003
942,Kim,Walton,K,31,20/05/1992
943,Chris,King,C,32,22/10/1991
944,Jess,Chen,J,44,01/08/1979
945,Jimmie,Torres,J,60,01/09/1963
946,Hank,Warren,H,38,21/09/1985
947,Jimmie,Frank,J,31,15/02/1992
948,Romeo,Howells,R,28,24/05/1995
949,Donny,Jackson,D,21,08/10/2002
950,Dwayne,Henry,D,22,22/04/2001
951,Chris,Howells,C,45,19/12/1978
952,Pasquale,Goodwin,P,60,22/08/1963
953,Dwayne,Frank,D,29,15/02/1994
954,Donny,King,D,59,27/11/1964
955,Quinton,Warren,Q,31,07/06/1992
956,Darin,Flowers,D,18,04/01/2005
957,Pasquale,Goodwin,P,48,24/11/1975
958,Joey,Henry,J,19,21/02/2004
959,Jess,Flynn,J,49,02/06/1974
960,Foster,Flowers,F,46,06/10/1977
961,Vern,Perry,V,22,22/08/2001
962,Joey,Warren,J,20,03/11/2003
963,Jimmie,King,J,24,08/11/1999
964,Peter,Warren,P,38,17/01/1985
965,Kim,Sherman,K,56,19/03/1967
966,Evan,Warren,E,28,26/05/1995
967,Vern,Flynn,V,38,10/05/1985
968,Jimmie,Schroeder,J,21,19/01/2002
969,Donny,Torres,D,52,21/01/1971
970,Mickey,Bright,M,20,16/02/2003
971,Dwayne,Chen,D,52,20/05/1971
972,Dwayne,Henry,D,52,28/08/1971
973,Evan,Goodwin,E,27,18/09/1996
974,Darin,Schroeder,D,45,05/09/1978
975,Evan,Warren,E,22,26/09/2001
976,Jeremy,Davis,J,58,10/05/1965
977,Jimmie,Jackson,J,43,17/11/1980
978,Jimmie,Davis,J,36,22/03/1987
979,Dwayne,Walton,D,18,21/12/2005
980,Vern,Dixon,V,29,10/07/1994
981,Jimmie,Flynn,J,49,03/02/1974
982,Donny,Henry,D,29,29/08/1994
983,Jess,Davis,J,55,28/04/1968
984,Hank,Sherman,H,24,01/04/1999
985,Foster,Schroeder,F,36,28/04/1987
986,Romeo,Perry,R,44,06/01/1979
987,Vern,Torres,V,25,13/10/1998
988,Chris,Bright,C,43,16/06/1980
989,Joey,Bright,J,55,12/04/1968
990,Chris,Warren,C,30,06/11/1993
991,Darin,Goodwin,D,33,10/06/1990
992,Jimmie,King,J,35,12/07/1988
993,Romeo,Dean,R,40,21/10/1983
994,Evan,Frank,E,25,12/08/1998
995,Aurelio,Torres,A,47,29/04/1976
996,Joey,Flynn,J,49,23/02/1974
997,Jess,Torres,J,43,01/05/1980
998,Vern,Henry,V,55,04/08/1968
999,Vern,Warren,V,26,10/11/1997
1000,Quinton,Henry,Q,42,26/08/1981
